,label id,issue label,dx,dy,lng,lat
0,298162,NoSidewalk,796.982491548729,433.9288631628831,-122.307220459,47.6630630493
1,6261,NoSidewalk,969.7377579883597,-128.732597613357,-122.3049163818,47.6580085754
2,95619,NoSidewalk,-320.7783784808273,-131.28048925040412,-122.3221282959,47.6579856873
3,169446,NoSidewalk,-277.30354301890014,-191.1561709296441,-122.3215484619,47.6574478149
4,77752,NoSidewalk,-324.78264240430576,-366.5366779582327,-122.3221817017,47.655872345
5,77751,NoSidewalk,-313.913933538824,-366.1120274965684,-122.3220367432,47.6558761597
6,77753,NoSidewalk,-344.23190932124425,-367.3859788807703,-122.3224411011,47.6558647156
7,95616,NoSidewalk,-308.19355650589216,-337.6604688380563,-122.3219604492,47.6561317444
8,77745,NoSidewalk,-263.5746456369524,-366.961328419897,-122.3213653564,47.6558685303
9,77744,NoSidewalk,-248.7016803469987,-366.5366779582327,-122.3211669922,47.655872345
10,67024,NoSidewalk,-258.4263138054679,-389.8924422105028,-122.3212966919,47.6556625366
11,95613,NoSidewalk,-298.18290419513704,-366.1120274965684,-122.3218269348,47.6558761597
12,77747,NoSidewalk,-279.8777126841456,-366.5366779582327,-122.3215827942,47.655872345
13,67030,NoSidewalk,-297.32484764041044,-401.3579935393363,-122.3218154907,47.6555595398
14,198422,NoSidewalk,183.18647825253882,220.75448732233176,-122.3154067993,47.6611480713
15,47135,NoSidewalk,-47.63057008668692,-386.07058805631505,-122.31848526,47.6556968689
16,61342,NoSidewalk,-78.80660242383387,-382.2487339029183,-122.318901062,47.6557312012
17,95603,NoSidewalk,-63.36159943037385,-412.8235448689608,-122.3186950684,47.655456543
18,47138,NoSidewalk,-47.916588937907306,-361.0162330903264,-122.3184890747,47.655921936
19,47133,NoSidewalk,-33.61565385245333,-362.2901844745284,-122.3182983398,47.6559104919
20,47131,NoSidewalk,-23.318982690477817,-344.03022576064797,-122.3181610107,47.6560745239
21,47130,NoSidewalk,-13.022311528502296,-337.23581837639205,-122.3180236816,47.6561355591
22,47129,NoSidewalk,3.5667668719702808,-335.5372165305258,-122.3178024292,47.6561508179
23,95570,NoSidewalk,-162.89608483015684,-519.4107327892365,-122.320022583,47.654499054
24,67008,NoSidewalk,-245.55547297824685,-372.9064348808243,-122.3211250305,47.6558151245
25,95572,NoSidewalk,-212.66332753058109,-526.6297906351567,-122.3206863403,47.6544342041
26,95577,NoSidewalk,-245.2694541270265,-528.7530429426873,-122.3211212158,47.6544151306
27,170032,NoSidewalk,-226.96426261603509,375.7517944608661,-122.3208770752,47.6625404358
28,96137,NoSidewalk,-221.81592328554405,442.42187239379626,-122.3208084106,47.6631393433
29,96140,NoSidewalk,-221.81592328554405,530.7491016001916,-122.3208084106,47.6639328003
30,198396,NoSidewalk,191.19499860155472,245.384191827447,-122.3152999878,47.6613693237
31,6258,NoSidewalk,994.9073944413545,-128.3079471516927,-122.3045806885,47.6580123901
32,6260,NoSidewalk,970.309795691866,-127.88329669002842,-122.3049087524,47.6580162048
33,168888,NoSidewalk,322.76357289534235,-341.9069734531174,-122.3135452271,47.6560935974
34,12395,NoSidewalk,394.2682408236057,-341.05767253057974,-122.3125915527,47.6561012268
35,77911,SurfaceProblem,855.0442809473305,476.18155625506074,-122.3064460754,47.6634426117
36,77914,SurfaceProblem,852.4701112831505,515.4616961163792,-122.3064804077,47.6637954712
37,169705,SurfaceProblem,893.0847582275464,438.1753677779442,-122.3059387207,47.6631011963
38,169704,SurfaceProblem,907.3856933130003,430.1070090094864,-122.3057479858,47.663028717
39,169709,SurfaceProblem,871.3473404965828,426.7098164491107,-122.3062286377,47.6629981995
40,154096,SurfaceProblem,928.5510733404576,396.9843064056057,-122.3054656982,47.6627311707
41,168877,SurfaceProblem,389.6919391966209,-252.7304433241845,-122.3126525879,47.6568946838
42,223955,SurfaceProblem,324.47968600479567,-315.5786671021359,-122.3135223389,47.6563301086
43,76539,SurfaceProblem,518.9723701743245,-464.2062173180787,-122.3109283447,47.6549949646
44,12505,SurfaceProblem,438.3151064900327,-460.8090136255552,-122.3120040894,47.6550254822
45,78220,SurfaceProblem,350.7934053616785,-437.8779109670972,-122.3131713867,47.6552314758
46,95582,SurfaceProblem,-320.20634077732103,-503.9110076410614,-122.3221206665,47.6546382904
47,67018,SurfaceProblem,-234.4007452615447,-387.76918990297224,-122.3209762573,47.6556816101
48,67021,SurfaceProblem,-249.84575575294573,-389.46779174883847,-122.321182251,47.6556663513
49,67033,SurfaceProblem,-315.6300391503363,-403.48124584686684,-122.3220596313,47.6555404663
50,169835,SurfaceProblem,-55.92510928692322,-429.38490173697505,-122.3185958862,47.6553077698
51,169831,SurfaceProblem,-50.77677745437321,-414.9467971764914,-122.3185272217,47.6554374695
52,160923,SurfaceProblem,-69.65400666887092,-453.16531645011844,-122.3187789917,47.6550941467
53,169554,SurfaceProblem,-153.74348907519388,-336.38651745306345,-122.3199005127,47.6561431885
54,169512,SurfaceProblem,-66.22178044889873,-146.78022552993593,-122.3187332153,47.6578464508
55,169503,SurfaceProblem,-69.08196896536462,-85.41827280054927,-122.3187713623,47.6583976746
56,169529,SurfaceProblem,-106.83642739329451,-192.0054718529727,-122.3192749023,47.6574401855
57,169521,SurfaceProblem,-78.23456472139308,-192.0054718529727,-122.3188934326,47.6574401855
58,169960,SurfaceProblem,-138.29847858272737,-163.9785525239772,-122.319694519,47.6576919556
59,73821,SurfaceProblem,34.45678035789683,-244.2374340932714,-122.3173904419,47.6569709778
60,73820,SurfaceProblem,17.295664253917977,-247.20998732413057,-122.3176193237,47.6569442749
61,169916,SurfaceProblem,-78.23456472139308,-268.0178488072058,-122.3188934326,47.6567573547
62,169915,SurfaceProblem,-65.64974274539244,-224.27887353352472,-122.3187255859,47.6571502686
63,169428,SurfaceProblem,-237.2609337780106,-144.0200030963783,-122.3210144043,47.6578712463
64,169422,SurfaceProblem,-234.97278296505098,-101.13032874523486,-122.3209838867,47.6582565308
65,169445,SurfaceProblem,-260.71446461842754,-185.21106446871678,-122.3213272095,47.6575012207
66,77729,SurfaceProblem,-218.9557422670192,-213.66262312722884,-122.3207702637,47.657245636
67,169407,SurfaceProblem,-217.8116668600066,-1.337548210006063,-122.3207550049,47.6591529846
68,169395,SurfaceProblem,-181.2012763411483,25.415408602639744,-122.3202667236,47.6593933105
69,169497,SurfaceProblem,-76.51845161087425,-21.296108769752724,-122.3188705444,47.6589736938
70,169971,SurfaceProblem,-143.44681791321838,-28.090505022651865,-122.3197631836,47.6589126587
71,96127,SurfaceProblem,-121.4233813310344,452.1888218767636,-122.3194694519,47.6632270813
72,125585,SurfaceProblem,-38.763993182944354,436.90141639374224,-122.3183670044,47.6630897522
73,72958,SurfaceProblem,-53.636965971904615,434.77816408621175,-122.3185653687,47.6630706787
74,170042,SurfaceProblem,-209.23110880854995,517.5849484247008,-122.320640564,47.6638145447
75,169883,SurfaceProblem,12.719362626933238,-63.761121527084114,-122.3176803589,47.6585922241
76,168015,SurfaceProblem,49.901790850363376,-95.60988387732863,-122.3171844482,47.6583061218
77,168012,SurfaceProblem,67.06290695434222,-97.30848572398584,-122.3169555664,47.658290863
78,78697,SurfaceProblem,219.22482357101538,-82.44573070183787,-122.3149261475,47.6584243774
79,168936,SurfaceProblem,180.89832743957922,-63.336471065419815,-122.3154373169,47.6585960388
80,168922,SurfaceProblem,184.90259136305767,64.90787926125974,-122.3153839111,47.6597480774
81,73208,SurfaceProblem,-65.36372389417205,104.61266958424252,-122.3187217712,47.6601047516
82,169849,SurfaceProblem,-74.8023385014209,212.68612855387389,-122.3188476562,47.661075592
83,73204,SurfaceProblem,-74.8023385014209,188.90572497208726,-122.3188476562,47.660861969
84,169851,SurfaceProblem,-75.94641390736797,199.5219753783832,-122.318862915,47.6609573364
85,188302,SurfaceProblem,3.5667668719702808,208.86428553183393,-122.3178024292,47.6610412598
86,78378,SurfaceProblem,86.51217387128071,174.89227087326788,-122.316696167,47.660736084
87,198395,SurfaceProblem,191.19499860155472,245.384191827447,-122.3152999878,47.6613693237
88,184207,SurfaceProblem,700.5942060197567,246.2334927507756,-122.308506012,47.6613769531
89,145584,SurfaceProblem,604.5872814573265,440.01551235679403,-122.3097864787,47.6631177266
90,135271,SurfaceProblem,587.6168420892465,423.73726321825154,-122.3100128174,47.6629714966
91,135273,SurfaceProblem,562.4472056362517,441.5725714704676,-122.3103485107,47.6631317139
92,77841,SurfaceProblem,629.9476021430957,349.84813857154893,-122.3094482422,47.6623077393
93,74248,SurfaceProblem,346.2171037357593,377.4503963075233,-122.3132324219,47.6625556946
94,71846,SurfaceProblem,450.8999284660333,249.63069644250808,-122.3118362427,47.6614074707
95,74442,SurfaceProblem,394.2682408236057,78.92133335928811,-122.3125915527,47.6598739624
96,169588,SurfaceProblem,876.7816986782941,243.04861985476273,-122.3061561584,47.6613483429
97,169681,SurfaceProblem,831.3047312556932,223.3023900915266,-122.3067626953,47.6611709595
98,169682,SurfaceProblem,811.2834266341829,223.72704055319088,-122.3070297241,47.6611747742
99,146311,SurfaceProblem,798.1265669557415,244.11024044245414,-122.3072052002,47.6613578796
100,77859,SurfaceProblem,704.3124510909494,251.32929828916528,-122.3084564209,47.6614227295
101,169708,SurfaceProblem,866.1990086650983,439.4493191629371,-122.3062973022,47.6631126404
102,77910,SurfaceProblem,839.8852893071498,437.32606685540657,-122.3066482544,47.6630935669
103,169655,SurfaceProblem,839.8852893071498,368.5327366149459,-122.3066482544,47.6624755859
104,154102,SurfaceProblem,931.9832920624887,333.28678170432573,-122.3054199219,47.6621589661
105,154097,SurfaceProblem,929.6951412484636,396.1350054822771,-122.3054504395,47.6627235413
106,77833,SurfaceProblem,605.9220335991723,441.99722193213194,-122.3097686768,47.6631355286
107,77840,SurfaceProblem,629.9476021430957,424.16191367991587,-122.3094482422,47.6629753113
108,77868,SurfaceProblem,631.0916775501081,478.517128227745,-122.3094329834,47.6634635925
109,77866,SurfaceProblem,717.4693107693909,474.4829544091945,-122.3082809448,47.6634273529
110,61458,SurfaceProblem,747.7872865528766,441.99722193213194,-122.3078765869,47.6631355286
111,161147,SurfaceProblem,396.5563841386243,446.24371541504524,-122.3125610352,47.6631736755
112,156847,SurfaceProblem,416.5776962580756,429.2577080861577,-122.3122940063,47.6630210876
113,74245,SurfaceProblem,345.645066032253,378.299697230061,-122.3132400513,47.662563324
114,6247,SurfaceProblem,1004.918046751044,-195.82731487501272,-122.3044471741,47.6574058533
115,168077,SurfaceProblem,940.5638501139455,-120.6642388441082,-122.305305481,47.6580810547
116,6265,SurfaceProblem,952.0045966829334,-118.965636997451,-122.3051528931,47.6580963135
117,167911,SurfaceProblem,199.77555665407692,506.54403642459283,-122.3151855469,47.6637153625
118,74246,SurfaceProblem,345.0730283287468,378.7243476917253,-122.3132476807,47.6625671387
119,73827,SurfaceProblem,43.32335726163941,-246.99765652762,-122.3172721863,47.6569461823
120,7527,SurfaceProblem,126.55478311323573,-318.9758596625116,-122.3161621094,47.6562995911
121,7526,SurfaceProblem,105.96144078928468,-320.2498110475045,-122.3164367676,47.656288147
122,169834,SurfaceProblem,-35.90380466647846,-443.39835583500343,-122.3183288574,47.6551818848
123,169830,SurfaceProblem,-27.895284317462554,-430.2342026595127,-122.3182220459,47.6553001404
124,94241,SurfaceProblem,-1.0095347550144584,-424.7137577916065,-122.3178634644,47.6553497314
125,160921,SurfaceProblem,-48.48862664141359,-465.4801687030716,-122.3184967041,47.6549835205
126,169937,SurfaceProblem,-124.56958869872068,-360.59158262866214,-122.3195114136,47.6559257507
127,169556,SurfaceProblem,-145.734968726178,-330.8660725851572,-122.3197937012,47.6561927795
128,47132,SurfaceProblem,-35.331766962972175,-338.08511929972065,-122.318321228,47.6561279297
129,7522,SurfaceProblem,-27.895284317462554,-331.2907230468215,-122.3182220459,47.6561889648
130,169934,SurfaceProblem,-62.78956172686756,-378.00224041921393,-122.318687439,47.6557693481
131,169927,SurfaceProblem,-76.51845161087425,-341.4823229914531,-122.3188705444,47.6560974121
132,96128,SurfaceProblem,-136.58237297121505,463.65437320638813,-122.3196716309,47.6633300781
133,170035,SurfaceProblem,-207.5149956980311,392.31315132888034,-122.3206176758,47.662689209
134,167861,SurfaceProblem,20.72788297594914,515.8863465780436,-122.3175735474,47.6637992859
135,167864,SurfaceProblem,40.749187596393895,503.14684386421715,-122.3173065186,47.663684845
136,167869,SurfaceProblem,22.157977234182088,468.32552828311344,-122.3175544739,47.6633720398
137,72949,SurfaceProblem,-48.48862664141359,450.4902200308973,-122.3184967041,47.6632118225
138,169364,SurfaceProblem,-217.23962915756582,40.91514488217156,-122.3207473755,47.659532547
139,77345,SurfaceProblem,-228.10833802304768,37.73027198694963,-122.320892334,47.6595039368
140,169372,SurfaceProblem,-252.70593677253612,25.840059064304043,-122.3212203979,47.6593971252
141,169406,SurfaceProblem,-223.5320363960629,2.4843059441816813,-122.3208312988,47.6591873169
142,169848,SurfaceProblem,-71.94215748183052,216.93263316893498,-122.3188095093,47.661113739
143,73199,SurfaceProblem,-75.94641390736797,228.8228349594328,-122.318862915,47.6612205505
144,72945,SurfaceProblem,-38.763993182944354,257.6990552117569,-122.3183670044,47.66147995
145,72967,SurfaceProblem,-124.56958869872068,289.54780643064464,-122.3195114136,47.6617660522
146,73209,SurfaceProblem,-67.36585585591129,103.76336866091393,-122.3187484741,47.6600971222
147,169855,SurfaceProblem,-77.6625270178868,147.71466359895777,-122.3188858032,47.6604919434
148,170003,SurfaceProblem,-137.7264408802866,212.68612855387389,-122.3196868896,47.661075592
149,77369,SurfaceProblem,-151.45533826223428,221.60378824566035,-122.3198699951,47.6611557007
150,77363,SurfaceProblem,-177.7690576191171,232.22003865195626,-122.3202209473,47.6612510681
151,170009,SurfaceProblem,-200.07851305358702,231.37073772862766,-122.3205184937,47.6612434387
152,77348,SurfaceProblem,-217.23962915756582,163.42671954364337,-122.3207473755,47.6606330872
153,77905,SurfaceProblem,852.4701112831505,429.5408158148385,-122.3064804077,47.6630236308
154,169710,SurfaceProblem,861.0506693346072,427.1344669107749,-122.3063659668,47.6630020142
155,169645,SurfaceProblem,857.0464054111287,416.093554910667,-122.3064193726,47.662902832
156,169656,SurfaceProblem,841.6014024176687,370.2313384616031,-122.3066253662,47.6624908447
157,169648,SurfaceProblem,855.9023375031227,378.299697230061,-122.3064346313,47.662563324
158,146327,SurfaceProblem,934.8434805789547,299.73941750742404,-122.3053817749,47.661857605
159,154101,SurfaceProblem,935.9875559859672,330.3142284734666,-122.3053665161,47.6621322632
160,154093,SurfaceProblem,936.5595936884081,396.9843064056057,-122.3053588867,47.6627311707
161,169587,SurfaceProblem,882.788087065571,243.6855899815808,-122.3060760498,47.6613540649
162,78696,SurfaceProblem,216.9366802559968,-99.43172689936863,-122.314956665,47.6582717896
163,168066,SurfaceProblem,131.13108473915497,-96.88383526232153,-122.3161010742,47.6582946777
164,76028,SurfaceProblem,270.1361491763932,1.2103545591887757,-122.3142471313,47.6591758728
165,168921,SurfaceProblem,189.4788854921014,66.60648110712597,-122.315322876,47.6597633362
166,74440,SurfaceProblem,394.2682408236057,78.92133335928811,-122.3125915527,47.6598739624
167,145568,SurfaceProblem,-78.80660242383387,-281.39432164705937,-122.318901062,47.6566371918
168,169553,SurfaceProblem,-153.1714513716876,-333.8386146838686,-122.3198928833,47.6561660767
169,169400,SurfaceProblem,-235.5448206674918,10.552653581282755,-122.3209915161,47.6592597961
170,169405,SurfaceProblem,-223.5320363960629,2.4843059441816813,-122.3208312988,47.6591873169
171,77344,SurfaceProblem,-218.9557422670192,29.23726275603651,-122.3207702637,47.6594276428
172,169397,SurfaceProblem,-181.2012763411483,42.82606639319157,-122.3202667236,47.6595497131
173,169988,SurfaceProblem,-141.15866709919328,71.27763618385136,-122.319732666,47.6598052979
174,169867,SurfaceProblem,-69.36798781765052,97.60594253483285,-122.318775177,47.6600418091
175,169869,SurfaceProblem,-77.09048931438053,47.07257100825264,-122.3188781738,47.6595878601
176,169493,SurfaceProblem,-66.22178044889873,-0.4882472866774592,-122.3187332153,47.659160614
177,169490,SurfaceProblem,-77.09048931438053,2.4843059441816813,-122.3188781738,47.6591873169
178,169495,SurfaceProblem,-77.6625270178868,-15.351002308034444,-122.3188858032,47.6590270996
179,169875,SurfaceProblem,-3.869715773539338,1.2103545591887757,-122.3179016113,47.6591758728
180,169701,NoCurbRamp,917.39634562269,428.19608749846634,-122.3056144714,47.6630115509
181,146307,NoCurbRamp,801.8448120279998,439.23698836642654,-122.3071556091,47.663110733
182,77908,NoCurbRamp,852.7561301343709,440.72327054713907,-122.306476593,47.6631240845
183,169641,NoCurbRamp,850.7539981726317,429.68235854782205,-122.3065032959,47.6630249023
184,17119,NoCurbRamp,-334.22125701155466,-503.69867684455096,-122.3223075867,47.6546401978
185,169911,NoCurbRamp,-77.85321125066108,-191.86391798863235,-122.3188883464,47.6574414571
186,145577,NoCurbRamp,-69.9400255200913,-173.95783280424604,-122.3187828064,47.6576023102
187,169538,NoCurbRamp,-156.6036775916598,-175.4441149849585,-122.3199386597,47.6575889587
188,47136,NoCurbRamp,-47.34455123440103,-381.82408344125395,-122.3184814453,47.6557350159
189,95602,NoCurbRamp,-63.36159943037385,-415.3714476381557,-122.3186950684,47.6554336548
190,67002,NoCurbRamp,-238.69102803624352,-369.2969115239381,-122.3210334778,47.6558475494
191,169940,NoCurbRamp,-205.79888258857775,-353.7971752444062,-122.3205947876,47.6559867859
192,169943,NoCurbRamp,-221.81592328554405,-349.9753210902185,-122.3208084106,47.6560211182
193,6259,NoCurbRamp,990.9031380158169,-147.84184611762734,-122.3046340942,47.6578369141
194,169363,NoCurbRamp,-219.52777997052547,41.97676547065394,-122.3207778931,47.6595420837
195,169367,NoCurbRamp,-229.25241342899469,44.10001777818447,-122.3209075928,47.6595611572
196,169979,NoCurbRamp,-152.31339481696097,26.05238986081458,-122.3198814392,47.6593990326
197,169973,NoCurbRamp,-143.44681791321838,-19.17285646222219,-122.3197631836,47.6589927673
198,169540,NoCurbRamp,-156.6036775916598,-190.30687000710648,-122.3199386597,47.6574554443
199,95617,NoCurbRamp,-299.0409607498637,-189.45756908377788,-122.3218383789,47.6574630737
200,95586,NoCurbRamp,-338.3208555534792,-514.4564811151872,-122.322362264,47.6545435588
201,73973,NoCurbRamp,85.36809846533365,-249.7578900933254,-122.3167114258,47.6569213867
202,169454,NoCurbRamp,75.6434650057989,-247.63463778579484,-122.3168411255,47.6569404602
203,47151,NoCurbRamp,-47.34455123440103,-381.82408344125395,-122.3184814453,47.6557350159
204,95601,NoCurbRamp,-63.36159943037385,-411.9742439456322,-122.3186950684,47.6554641724
205,95600,NoCurbRamp,31.59659184143094,-414.0974962531628,-122.3174285889,47.6554450989
206,188962,NoCurbRamp,17.295664253917977,-364.8380761123664,-122.3176193237,47.6558876038
207,198425,NoCurbRamp,184.90259136305767,223.72704055319088,-122.3153839111,47.6611747742
208,74655,NoCurbRamp,100.2410712532284,231.79538819029196,-122.3165130615,47.6612472534
209,78341,NoCurbRamp,81.93587974223698,70.00368479885844,-122.3167572021,47.6597938538
210,1444,NoCurbRamp,271.8522547879055,79.34598382095241,-122.3142242432,47.6598777771
211,135265,NoCurbRamp,605.4930090707795,438.6000182396085,-122.3097743988,47.663105011
212,77838,NoCurbRamp,629.9476021430957,437.32606685540657,-122.3094482422,47.6630935669
213,77808,NoCurbRamp,448.8977965042941,440.9355902122928,-122.3118629456,47.6631259918
214,135278,NoCurbRamp,517.8282947683774,430.53165947035967,-122.3109436035,47.6630325317
215,96077,NoCurbRamp,611.6424106331696,70.2160044640122,-122.3096923828,47.6597957611
216,77818,NoCurbRamp,519.5444078778307,242.83628905825216,-122.3109207153,47.6613464355
217,82242,NoCurbRamp,483.50605506141324,239.8637469595408,-122.3114013672,47.6613197327
218,77824,NoCurbRamp,605.9220335991723,243.2609395199165,-122.3097686768,47.6613502502
219,17117,NoCurbRamp,-338.7975511395328,-515.5888897671965,-122.3223686218,47.6545333862
220,1437,NoCurbRamp,271.2802170843993,64.48322879959544,-122.3142318726,47.6597442627
221,76024,NoCurbRamp,251.83095016746077,-81.59642977930024,-122.314491272,47.6584320068
222,77339,NoCurbRamp,-232.1125944475196,40.91514488217156,-122.3209457397,47.659532547
223,169981,NoCurbRamp,-150.5972817064421,27.538660910170275,-122.319858551,47.659412384
224,169382,NoCurbRamp,-77.09048931438053,27.114010448505976,-122.3188781738,47.6594085693
225,169547,NoCurbRamp,-153.1714513716876,-265.8945964996753,-122.3198928833,47.6567764282
226,169545,NoCurbRamp,-142.8747802097121,-251.8811424008559,-122.3197555542,47.6569023132
227,169532,NoCurbRamp,-140.58662939675247,-192.430122314637,-122.3197250366,47.6574363708
228,169453,NoCurbRamp,76.21550270930518,-260.37414049962126,-122.3168334961,47.6568260193
229,73824,NoCurbRamp,39.033081984881576,-248.9085891699968,-122.3173294067,47.6569290161
230,79832,NoCurbRamp,-41.62418169941026,-344.87952668397656,-122.3184051514,47.6560668945
231,47134,NoCurbRamp,-33.043616150012554,-384.3719862104488,-122.3182907104,47.6557121277
232,169703,NoCurbRamp,917.9683833261962,439.23698836642654,-122.305606842,47.663110733
233,77902,NoCurbRamp,802.4168497304405,426.7098164491107,-122.3071479797,47.6629981995
234,77900,NoCurbRamp,789.5460089042848,427.9837678333126,-122.3073196411,47.6630096436
235,95621,NoCurbRamp,935.7015371336813,440.5109397506285,-122.3053703308,47.6631221771
236,169839,NoCurbRamp,-37.04788007242551,246.2334927507756,-122.3183441162,47.6613769531
237,169841,NoCurbRamp,-49.06066434491987,245.80884228911134,-122.3185043335,47.6613731384
238,74650,NoCurbRamp,85.36809846533365,230.52143680609007,-122.3167114258,47.6612358093
239,74654,NoCurbRamp,97.95292044026878,230.52143680609007,-122.3165435791,47.6612358093
240,1507,NoCurbRamp,32.74066724844349,244.95954136578274,-122.3174133301,47.661365509
241,78349,NoCurbRamp,100.2410712532284,81.89388659014726,-122.3165130615,47.6599006653
242,78342,NoCurbRamp,84.22402305832108,68.72973341465651,-122.3167266846,47.6597824097
243,1439,NoCurbRamp,252.40298787096702,62.784626952938225,-122.3144836426,47.6597290039
244,78361,NoCurbRamp,185.47462906656398,81.04458566681865,-122.3153762817,47.6598930359
245,167892,NoCurbRamp,117.97422506071354,450.34866616576596,-122.3162765503,47.6632105509
246,198385,NoCurbRamp,201.11030879592272,446.6683658767096,-122.315167745,47.6631774902
247,167908,NoCurbRamp,184.33055365955138,481.9143319194775,-122.3153915405,47.6634941101
248,167913,NoCurbRamp,205.49593368700872,518.4342493472384,-122.3151092529,47.6638221741
249,95588,NoCurbRamp,-345.3759847282568,-513.8902879213304,-122.3224563599,47.654548645
250,95622,NoCurbRamp,935.7015371336813,431.38096039368827,-122.3053703308,47.6630401611
251,77897,NoCurbRamp,791.8341597172445,439.0246687012728,-122.3072891235,47.6631088257
252,161117,NoCurbRamp,715.1811599564312,443.2711733163339,-122.3083114624,47.6631469727
253,290974,NoCurbRamp,786.1137826843127,241.98699926707133,-122.3073654175,47.6613388062
254,77847,NoCurbRamp,616.2187047611478,71.70227551336791,-122.3096313477,47.6598091125
255,135268,NoCurbRamp,604.2059279876601,430.1070090094864,-122.3097915649,47.663028717
256,135277,NoCurbRamp,529.2690413362999,426.7098164491107,-122.3107910156,47.6629981995
257,156261,NoCurbRamp,183.7585159560451,85.71574074354403,-122.3153991699,47.6599349976
258,1443,NoCurbRamp,268.4200360658744,84.0171388976778,-122.3142700195,47.6599197388
259,198393,NoCurbRamp,191.19499860155472,245.384191827447,-122.3152999878,47.6613693237
260,198387,NoCurbRamp,202.25438420186978,431.8056108553526,-122.3151524862,47.6630439758
261,74349,NoCurbRamp,275.856518711384,447.0930163383739,-122.3141708374,47.6631813049
262,95589,NoCurbRamp,-337.93949458480614,-526.2051401734924,-122.3223571777,47.6544380188
263,31363,NoCurbRamp,250.9728936127341,-428.9602512753107,-122.3145027161,47.6553115845
264,168989,NoCurbRamp,403.4208365785687,-432.3574549670432,-122.3124694824,47.6552810669
265,53858,NoSidewalk,-785.2726636768101,453.88742372262976,-122.3283233643,47.6632423401
266,17092,NoSidewalk,-520.4193944829061,-398.3854403092682,-122.3247909546,47.6555862427
267,180903,NoSidewalk,-514.126979746468,-382.2487339029183,-122.3247070312,47.6557312012
268,69565,NoSidewalk,-577.0510821253337,-397.1114889242753,-122.3255462646,47.6555976868
269,4186,NoSidewalk,-510.6947610233713,-530.0269943276802,-122.3246612549,47.6544036865
270,19849,NoSidewalk,-582.7714591582654,-495.2056787457856,-122.3256225586,47.6547164917
271,70012,NoSidewalk,-538.1525482903912,-459.5350622413533,-122.3250274658,47.6550369263
272,69926,NoSidewalk,-536.4364351798724,443.6958237779982,-122.3250045776,47.6631507874
273,180841,NoSidewalk,-375.12192280717085,504.8454457100833,-122.3228530884,47.6637001038
274,180860,NoSidewalk,-373.9778474012238,168.9471644115496,-122.3228378296,47.6606826782
275,53857,NoSidewalk,-785.8447013803165,452.1888218767636,-122.3283309937,47.6632270813
276,185983,NoSidewalk,-479.2327098339385,-152.937651656017,-122.3242416382,47.6577911377
277,19998,NoSidewalk,-399.14748385421854,-172.47156175489033,-122.3231735229,47.6576156616
278,17108,NoSidewalk,-478.08863442799145,-439.5765128129634,-122.3242263794,47.655216217
279,17109,NoSidewalk,-452.3469527735494,-441.2751035274729,-122.3238830566,47.6552009583
280,180902,NoSidewalk,-489.52938099697957,-380.1254815953877,-122.3243789673,47.6557502747
281,77755,NoSidewalk,-371.9757154394845,-370.1462124472667,-122.3228111267,47.65583992
282,77754,NoSidewalk,-361.3930254252231,-368.6599302657632,-122.3226699829,47.6558532715
283,20018,NoSidewalk,-423.7450901005825,-374.6050367274815,-122.3235015869,47.6557998657
284,17114,NoSidewalk,-338.5115322883125,-434.90535773623805,-122.3223648071,47.6552581787
285,70145,NoSidewalk,-634.8268526716494,-513.8902879213304,-122.3263168335,47.654548645
286,19854,NoSidewalk,-596.5003565402133,-496.0549796691142,-122.3258056641,47.6547088623
287,6798,SurfaceProblem,-414.0204566421133,109.07149386445737,-122.3233718872,47.6601448059
288,180863,SurfaceProblem,-392.8550766146559,107.79754247946447,-122.3230895996,47.6601333618
289,180945,SurfaceProblem,-761.8191328353279,-171.19761036989743,-122.3280105591,47.6576271057
290,180944,SurfaceProblem,-762.391170538834,-184.3617635453882,-122.3280181885,47.6575088501
291,180943,SurfaceProblem,-749.806348563899,-205.16962502846349,-122.3278503418,47.6573219299
292,180953,SurfaceProblem,-786.4167315848163,-130.8558387887398,-122.328338623,47.657989502
293,185988,SurfaceProblem,-459.7834429170001,-144.0200030963783,-122.3239822388,47.6578712463
294,185986,SurfaceProblem,-476.9445590209789,-150.3897488868222,-122.3242111206,47.6578140259
295,180892,SurfaceProblem,-514.6990174489088,-219.60772958815616,-122.3247146606,47.6571922302
296,180884,SurfaceProblem,-543.872925323323,-141.04744986551916,-122.3251037598,47.6578979492
297,20045,SurfaceProblem,-462.643623935525,-65.45972337295035,-122.3240203857,47.6585769653
298,180873,SurfaceProblem,-476.9445590209789,-31.912359176048636,-122.3242111206,47.6588783264
299,54233,SurfaceProblem,-635.3988903751557,-110.8972893603499,-122.3263244629,47.6581687927
300,186114,SurfaceProblem,-637.6870411881152,-97.73313618565014,-122.3263549805,47.6582870483
301,54234,SurfaceProblem,-634.8268526716494,-76.92527470257487,-122.3263168335,47.6584739685
302,180882,SurfaceProblem,-556.4577398003172,-62.48717014209121,-122.3252716064,47.6586036682
303,186140,SurfaceProblem,-589.6359041002688,-14.077050923832513,-122.3257141113,47.6590385437
304,180928,SurfaceProblem,-761.8191328353279,-517.2874916130628,-122.3280105591,47.6545181274
305,180894,SurfaceProblem,-512.6968929851106,-277.14782816414606,-122.3246879578,47.6566753387
306,180895,SurfaceProblem,-495.8217882354766,-293.49685423485874,-122.3244628906,47.6565284729
307,180896,SurfaceProblem,-511.8388364303839,-305.38705602535657,-122.3246765137,47.6564216614
308,20022,SurfaceProblem,-495.2497505319704,-386.07058805631505,-122.3244552612,47.6556968689
309,20006,SurfaceProblem,-419.1687959726043,-356.3450780136011,-122.3234405518,47.6559638977
310,4191,SurfaceProblem,-510.9807798756572,-529.3900130687144,-122.3246650696,47.6544094086
311,19855,SurfaceProblem,-582.7714591582654,-506.67123007541005,-122.3256225586,47.6546134949
312,180917,SurfaceProblem,-671.4372356925668,-458.2611108563604,-122.3268051147,47.6550483704
313,186062,SurfaceProblem,-778.4082112368659,228.8228349594328,-122.3282318115,47.6612205505
314,186070,SurfaceProblem,-777.2641358298532,274.2604009476234,-122.3282165527,47.6616287231
315,186090,SurfaceProblem,-714.9120711544939,188.05642404875866,-122.3273849487,47.6608543396
316,54270,SurfaceProblem,-697.750955050515,299.73941750742404,-122.3271560669,47.661857605
317,7262,SurfaceProblem,-827.0313860282185,377.87504676918763,-122.3288803101,47.6625595093
318,7267,SurfaceProblem,-841.3323136157316,371.0806393841408,-122.3290710449,47.6624984741
319,15244,SurfaceProblem,-785.2726636768101,328.19097616593604,-122.3283233643,47.6621131897
320,7119,SurfaceProblem,-933.4303163700049,440.72327054713907,-122.3302993774,47.6631240845
321,17370,SurfaceProblem,-471.2241894859881,518.0095988855741,-122.3241348267,47.6638183594
322,54868,SurfaceProblem,-960.8881111339003,-392.86499544057097,-122.3306655884,47.6556358337
323,54842,SurfaceProblem,-937.4345802934835,-479.49362280109995,-122.3303527832,47.6548576355
324,23076,SurfaceProblem,-881.374922856621,-394.13894682556383,-122.3296051025,47.6556243896
325,180952,SurfaceProblem,-786.4167315848163,-130.8558387887398,-122.328338623,47.657989502
326,180855,SurfaceProblem,-372.2617342907049,230.52143680609007,-122.3228149414,47.6612358093
327,180857,SurfaceProblem,-365.96932705220786,219.90518639979413,-122.3227310181,47.6611404419
328,180859,SurfaceProblem,-373.9778474012238,183.3852689720333,-122.3228378296,47.6608123779
329,6801,SurfaceProblem,-422.0289769911292,124.78354980835199,-122.3234786987,47.6602859497
330,180847,SurfaceProblem,-390.5669258016963,333.71143216599,-122.323059082,47.6621627808
331,53808,SurfaceProblem,-370.54562118125153,314.1775220671167,-122.3227920532,47.6619873047
332,180846,SurfaceProblem,-390.5669258016963,371.9299403074694,-122.323059082,47.6625061035
333,17379,SurfaceProblem,-417.4526828620854,435.62746500874937,-122.3234176636,47.6630783081
334,69943,SurfaceProblem,-472.3682573950597,373.2038916916713,-122.3241500854,47.6625175476
335,3344,SurfaceProblem,-553.025521078286,302.7119707382831,-122.3252258301,47.6618843079
336,20383,SurfaceProblem,-705.1874376960246,183.8099194336976,-122.327255249,47.6608161926
337,186089,SurfaceProblem,-715.4841088580002,186.3578222028924,-122.3273925781,47.6608390808
338,20379,SurfaceProblem,-700.611143566981,143.892809445561,-122.3271942139,47.6604576111
339,15259,SurfaceProblem,-783.2705317150709,147.50233280244726,-122.3282966614,47.660490036
340,186056,SurfaceProblem,-778.4082112368659,135.82445067631218,-122.3282318115,47.6603851318
341,186061,SurfaceProblem,-778.4082112368659,162.57741862110575,-122.3282318115,47.6606254578
342,186044,SurfaceProblem,-779.5522866428129,98.03059299649715,-122.3282470703,47.6600456238
343,180955,SurfaceProblem,-784.7006259733039,-90.93872880060326,-122.3283157349,47.6583480835
344,180951,SurfaceProblem,-794.425259431773,-126.6093453050355,-122.3284454346,47.6580276489
345,180968,SurfaceProblem,-815.0186017557243,7.155461020907057,-122.3287200928,47.6592292786
346,186035,SurfaceProblem,-783.5565505662913,13.949857273015224,-122.3283004761,47.6592903137
347,180962,SurfaceProblem,-782.4124751603443,-28.939805945189498,-122.3282852173,47.6589050293
348,180959,SurfaceProblem,-783.5565505662913,-54.8434618345067,-122.3283004761,47.6586723328
349,180956,SurfaceProblem,-784.1285882697975,-70.55551777919229,-122.3283081055,47.658531189
350,54063,SurfaceProblem,-893.3877071291155,3.7582573283836145,-122.3297653198,47.659198761
351,7230,SurfaceProblem,-836.1839817831815,530.53677080289,-122.3290023804,47.6639308929
352,7242,SurfaceProblem,-827.0313860282185,412.271711888627,-122.3288803101,47.6628684998
353,7238,SurfaceProblem,-827.6034237317249,426.7098164491107,-122.3288879395,47.6629981995
354,7233,SurfaceProblem,-827.6034237317249,446.6683658767096,-122.3288879395,47.6631774902
355,7120,SurfaceProblem,-912.8369740460539,433.5042127012189,-122.3300247192,47.6630592346
356,23088,SurfaceProblem,-834.4678686737282,-458.68576131802473,-122.3289794922,47.6550445557
357,23089,SurfaceProblem,-847.6247283521697,-490.9591741307245,-122.3291549683,47.6547546387
358,180929,SurfaceProblem,-765.8233892608653,-502.6370562568596,-122.3280639648,47.6546497345
359,180932,SurfaceProblem,-763.5352459458467,-461.6583145488839,-122.3280334473,47.6550178528
360,3092,SurfaceProblem,-631.6806453028977,-396.47451879824814,-122.3262748718,47.6556034088
361,3081,SurfaceProblem,-650.8438933686157,-399.2347412318058,-122.3265304565,47.6555786133
362,180909,SurfaceProblem,-641.6912976136528,-405.60449815518837,-122.3264083862,47.6555213928
363,180916,SurfaceProblem,-669.7211300810544,-456.98715947215845,-122.3267822266,47.6550598145
364,180937,SurfaceProblem,-762.9632082423403,-375.4543376500191,-122.3280258179,47.6557922363
365,180938,SurfaceProblem,-761.8191328353279,-366.961328419897,-122.3280105591,47.6558685303
366,180939,SurfaceProblem,-764.1072836493529,-349.9753210902185,-122.3280410767,47.6560211182
367,180942,SurfaceProblem,-747.5181977509393,-255.70298542289592,-122.3278198242,47.656867981
368,180868,SurfaceProblem,-418.02472056559174,-29.7891068685181,-122.323425293,47.6588973999
369,180867,SurfaceProblem,-397.4313782416407,-31.912359176048636,-122.3231506348,47.6588783264
370,180864,SurfaceProblem,-389.9948880981901,28.812612295163184,-122.3230514526,47.6594238281
371,180870,SurfaceProblem,-464.9317747495501,-28.090505022651865,-122.3240509033,47.6589126587
372,6797,SurfaceProblem,-415.1645320491258,109.07149386445737,-122.323387146,47.6601448059
373,186043,SurfaceProblem,-786.4167315848163,93.7840883806451,-122.328338623,47.6600074768
374,70444,SurfaceProblem,-714.3400334509876,93.7840883806451,-122.3273773193,47.6600074768
375,54244,SurfaceProblem,-619.9538798826892,67.8804324913279,-122.3261184692,47.6597747803
376,180954,SurfaceProblem,-784.7006259733039,-128.732597613357,-122.3283157349,47.6580085754
377,69846,NoCurbRamp,-462.21459940713214,-15.987972434852514,-122.3240146637,47.6590213776
378,69842,NoCurbRamp,-470.65215178248184,110.3454452486593,-122.3241271973,47.66015625
379,20095,NoCurbRamp,-460.9275183240126,110.77009571032362,-122.3239974976,47.6601600647
380,20083,NoCurbRamp,-541.0127368068571,112.46869755618985,-122.3250656128,47.6601753235
381,15222,NoCurbRamp,-926.5658714280015,382.121540252101,-122.3302078247,47.6625976562
382,54131,NoCurbRamp,-932.2862484619989,388.91594763635686,-122.3302841187,47.6626586914
383,16871,NoCurbRamp,-1008.9392407248712,377.87504676918763,-122.3313064575,47.6625595093
384,7276,NoCurbRamp,-829.033510492017,253.24021979939434,-122.3289070129,47.6614398956
385,15257,NoCurbRamp,-784.1285882697975,252.60324967336726,-122.3283081055,47.6614341736
386,7250,NoCurbRamp,-839.3301816539922,387.64199625215497,-122.329044342,47.6626472473
387,15236,NoCurbRamp,-778.4082112368659,377.87504676918763,-122.3282318115,47.6625595093
388,53866,NoCurbRamp,-777.8361735333596,389.7652485596855,-122.3282241821,47.6626663208
389,53922,NoCurbRamp,-929.9980976479737,118.41379288576037,-122.3302536011,47.6602287292
390,53936,NoCurbRamp,-927.1379091315079,-0.9128977483417611,-122.3302154541,47.6591567993
391,54062,NoCurbRamp,-829.8915670467435,-0.4882472866774592,-122.328918457,47.659160614
392,15274,NoCurbRamp,-788.132844695335,3.192053002378955,-122.3283615112,47.6591936747
393,70149,NoCurbRamp,-781.840437456838,-13.482538051547525,-122.3282775879,47.6590438843
394,54051,NoCurbRamp,-831.3216613049764,131.79027685776165,-122.3289375305,47.6603488922
395,15266,NoCurbRamp,-781.5544186045521,113.31799847951845,-122.3282737732,47.6601829529
396,54204,NoCurbRamp,-758.3869066153557,-407.72775046271886,-122.3279647827,47.6555023193
397,70597,NoCurbRamp,-832.7517555632094,-404.54286643534925,-122.328956604,47.6555309296
398,54867,NoCurbRamp,-938.29263684821,-393.92661602905326,-122.3303642273,47.655626297
399,54862,NoCurbRamp,-934.5743917770175,-403.05659538599355,-122.3303146362,47.655544281
400,54885,NoCurbRamp,-1013.5155423507904,-404.3305467701955,-122.3313674927,47.6555328369
401,23033,NoCurbRamp,-1011.7994292413371,-267.1685478838772,-122.3313446045,47.6567649841
402,23049,NoCurbRamp,-924.8497583185482,-281.60665244436086,-122.3301849365,47.6566352844
403,23042,NoCurbRamp,-935.1464294805237,-269.29180019140773,-122.3303222656,47.6567459106
404,15305,NoCurbRamp,-936.5765237387567,-278.6340992135017,-122.3303413391,47.6566619873
405,70076,NoCurbRamp,-1011.9901059761703,-278.4925453491614,-122.3313471476,47.6566632589
406,23010,NoCurbRamp,-1013.5155423507904,-394.13894682556383,-122.3313674927,47.6556243896
407,20090,NoCurbRamp,-460.35548062050634,123.08494796248574,-122.3239898682,47.6602706909
408,20081,NoCurbRamp,-552.4534833747797,112.46869755618985,-122.3252182007,47.6601753235
409,3181,NoCurbRamp,-542.44283106509,-158.67042732122474,-122.3250846863,47.6577396393
410,70336,NoCurbRamp,-508.97864791391805,-169.07435806236688,-122.3246383667,47.6576461792
411,70526,NoCurbRamp,-582.7714591582654,-160.15670950193723,-122.3256225586,47.6577262878
412,20048,NoCurbRamp,-461.213537175233,-28.727486280826707,-122.3240013123,47.6589069366
413,69850,NoCurbRamp,-473.2263139497864,-31.063058252720037,-122.3241615295,47.6588859558
414,70464,NoCurbRamp,-415.4505509003462,-159.9443787054267,-122.3233909607,47.6577281952
415,185985,NoCurbRamp,-462.07158623201866,-158.31655379173063,-122.3240127563,47.6577428182
416,15371,NoCurbRamp,-681.1618766500424,-408.5770513852565,-122.3269348145,47.6554946899
417,70587,NoCurbRamp,-746.6601411951473,-407.72775046271886,-122.3278083801,47.6555023193
418,70592,NoCurbRamp,-759.5309820223681,-395.83753754007336,-122.3279800415,47.6556091309
419,180900,NoCurbRamp,-510.9807798756572,-370.57086290893096,-122.3246650696,47.6558361053
420,17093,NoCurbRamp,-498.1099390484363,-409.85100277024947,-122.3244934082,47.6554832458
421,59221,NoCurbRamp,-677.7296504300703,-520.2600337117742,-122.3268890381,47.6544914246
422,23068,NoCurbRamp,-934.5743917770175,-403.48124584686684,-122.3303146362,47.6555404663
423,23003,NoCurbRamp,-1013.5155423507904,-403.90589630853117,-122.3313674927,47.6555366516
424,15283,NoCurbRamp,-841.9043513192378,-12.944653403970937,-122.3290786743,47.6590487162
425,70147,NoCurbRamp,-782.1264563080584,-33.39863022540434,-122.3282814026,47.658864975
426,15294,NoCurbRamp,-833.3237932667156,-127.0339957666998,-122.3289642334,47.6580238342
427,15296,NoCurbRamp,-833.8958309702219,-143.595352634714,-122.3289718628,47.657875061
428,180948,NoCurbRamp,-760.1030197258744,-168.4373879363398,-122.3279876709,47.6576519012
429,54213,NoCurbRamp,-770.39969088785,-164.4032029856415,-122.328125,47.6576881409
430,54220,NoCurbRamp,-783.5565505662913,-160.15670950193723,-122.3283004761,47.6577262878
431,54073,NoCurbRamp,-1015.5176743125296,-140.4104686073443,-122.3313941956,47.6579036713
432,54066,NoCurbRamp,-933.7163352222908,-125.33539392083357,-122.3303031921,47.658039093
433,15311,NoCurbRamp,-934.0023540735111,-267.5931983455415,-122.3303070068,47.6567611694
434,15308,NoCurbRamp,-922.5616075045231,-279.90805059770366,-122.3301544189,47.6566505432
435,70429,NoCurbRamp,-834.4678686737282,-267.5931983455415,-122.3289794922,47.6567611694
436,69938,NoCurbRamp,-456.6372355482483,448.79161818424006,-122.3239402771,47.6631965637
437,69560,NoCurbRamp,-382.8444243049663,452.1888218767636,-122.3229560852,47.6632270813
438,23084,NoCurbRamp,-848.1967660556758,-407.30310000105464,-122.3291625977,47.655506134
439,54859,NoCurbRamp,-925.4217960220545,-404.3305467701955,-122.3301925659,47.6555328369
440,23040,NoCurbRamp,-920.2734641895045,-268.2301684715686,-122.3301239014,47.6567554474
441,59557,NoCurbRamp,-839.6162005052128,-271.4150413675815,-122.3290481567,47.6567268372
442,54827,NoCurbRamp,-924.2777206150419,-530.4516447885535,-122.3301773071,47.6543998718
443,6808,NoCurbRamp,-458.63936750998755,120.53704519329091,-122.32396698,47.6602478027
444,3352,NoCurbRamp,-554.1695964852986,123.29727875899628,-122.3252410889,47.6602725983
445,70518,NoCurbRamp,-623.9581438061675,-157.18415627186906,-122.326171875,47.6577529907
446,70525,NoCurbRamp,-593.068130320241,-157.18415627186906,-122.3257598877,47.6577529907
447,180875,NoCurbRamp,-474.94242705923966,-28.727486280826707,-122.3241844177,47.6589069366
448,20053,NoCurbRamp,-475.22844591152557,-19.17285646222219,-122.3241882324,47.6589927673
449,70458,NoCurbRamp,-462.92964278781085,-166.52645529317206,-122.3240242004,47.6576690674
450,20034,NoCurbRamp,-495.8217882354766,-159.7320590410639,-122.3244628906,47.6577301025
451,20033,NoCurbRamp,-495.8217882354766,-170.3483094473598,-122.3244628906,47.6576347351
452,185435,NoCurbRamp,-841.0462947634456,118.2014732206066,-122.3290672302,47.6602268219
453,53929,NoCurbRamp,-917.9853133765448,118.83844334742467,-122.3300933838,47.6602325439
454,54060,NoCurbRamp,-842.6670657575773,3.192053002378955,-122.3290888468,47.6591936747
455,53937,NoCurbRamp,-925.9938337244953,-7.2826435395766005,-122.3302001953,47.6590995789
456,15298,NoCurbRamp,-842.7624078739644,-141.89675078805678,-122.3290901184,47.6578903198
457,15319,NoCurbRamp,-922.847626356809,-143.38302183820346,-122.3301582336,47.6578769684
458,15323,NoCurbRamp,-923.1336452080294,-125.33539392083357,-122.3301620483,47.658039093
459,54068,NoCurbRamp,-928.2819845385203,-131.28048925040412,-122.3302307129,47.6579856873
460,23048,NoCurbRamp,-922.5616075045231,-279.90805059770366,-122.3301544189,47.6566505432
461,23041,NoCurbRamp,-933.4303163700049,-267.5931983455415,-122.3302993774,47.6567611694
462,59563,NoCurbRamp,-835.039906376169,-267.5931983455415,-122.3289871216,47.6567611694
463,7256,NoCurbRamp,-831.3216613049764,395.49802422410227,-122.3289375305,47.6627178192
464,53867,NoCurbRamp,-778.4082112368659,391.888500867216,-122.3282318115,47.6626853943
465,53870,NoCurbRamp,-782.4124751603443,378.299697230061,-122.3282852173,47.662563324
466,53859,NoCurbRamp,-784.7006259733039,447.94231726170244,-122.3283157349,47.6631889343
467,69812,NoCurbRamp,-699.7530870122542,454.52439384944785,-122.3271827698,47.6632480621
468,186082,NoCurbRamp,-702.3272566764342,375.11481320269127,-122.3272171021,47.6625347137
469,69935,NoCurbRamp,-459.2114052134938,441.78489113483045,-122.3239746094,47.6631336212
470,69933,NoCurbRamp,-548.4492194523668,440.08628928896417,-122.3251647949,47.6631183624
471,3334,NoCurbRamp,-615.9496234571517,442.84652285466956,-122.3260650635,47.663143158
472,20132,NoCurbRamp,-628.8204642843727,452.61347233842787,-122.3262367249,47.663230896
473,20064,NoCurbRamp,-543.872925323323,-17.898905077229283,-122.3251037598,47.6590042114
474,20054,NoCurbRamp,-473.5123328010068,-17.049604154691654,-122.3241653442,47.6590118408
475,20078,NoCurbRamp,-551.595426820053,110.77009571032362,-122.3252067566,47.6601600647
476,69835,NoCurbRamp,-460.35548062050634,112.04404709452554,-122.3239898682,47.6601715088
477,17374,NoCurbRamp,-466.6478878590034,452.1888218767636,-122.3240737915,47.6632270813
478,69932,NoCurbRamp,-551.0233891165468,450.4902200308973,-122.3251991272,47.6632118225
479,3332,NoCurbRamp,-615.1869090188121,451.6226175507589,-122.326054891,47.663221995
480,20398,NoCurbRamp,-718.0582785232456,256.0004533658907,-122.3274269104,47.6614646912
481,20406,NoCurbRamp,-776.6920981263471,252.60324967336726,-122.3282089233,47.6614341736
482,3325,NoCurbRamp,-696.0348419399962,435.2028145478761,-122.3271331787,47.6630744934
483,186079,NoCurbRamp,-712.051890135969,380.4229495383825,-122.3273468018,47.6625823975
484,15240,NoCurbRamp,-787.5608069918287,388.91594763635686,-122.3283538818,47.6626586914
485,15235,NoCurbRamp,-788.132844695335,379.9982990767182,-122.3283615112,47.6625785828
486,7255,NoCurbRamp,-828.7474916397309,392.31315132888034,-122.3289031982,47.662689209
487,53860,NoCurbRamp,-785.2726636768101,453.88742372262976,-122.3283233643,47.6632423401
488,16873,NoCurbRamp,-1006.3650710596256,390.8268691473769,-122.3312721252,47.6626758575
489,54130,NoCurbRamp,-929.9980976479737,379.7859682794167,-122.3302536011,47.6625766754
490,53917,NoCurbRamp,-934.0023540735111,238.58979557454788,-122.3303070068,47.6613082886
491,53926,NoCurbRamp,-929.4260599444674,132.00260765506317,-122.3302459717,47.6603507996
492,53938,NoCurbRamp,-926.5658714280015,-4.310101440865203,-122.3302078247,47.6591262817
493,53905,NoCurbRamp,-1006.3650710596256,120.96169565495521,-122.3312721252,47.6602516174
494,53903,NoCurbRamp,-1006.6510899108462,130.09167501189543,-122.3312759399,47.6603336334
495,53923,NoCurbRamp,-932.2862484619989,120.96169565495521,-122.3302841187,47.6602516174
496,70340,NoCurbRamp,-1011.6087525054385,3.8998111927239716,-122.3313420614,47.6592000326
497,53934,NoCurbRamp,-930.5701353514801,3.333606866719313,-122.3302612305,47.6591949463
498,70083,NoCurbRamp,-1012.9435046472842,-266.10691616403807,-122.3313598633,47.6567745209
499,15306,NoCurbRamp,-944.2990252354866,-272.26434229011915,-122.3304443359,47.6567192078
500,15312,NoCurbRamp,-935.71846718403,-269.716450653072,-122.330329895,47.6567420959
501,54064,NoCurbRamp,-934.0023540735111,-141.47210032718345,-122.3303070068,47.6578941345
502,186221,NoCurbRamp,-1011.2273915378307,-141.33054646205213,-122.3313369751,47.6578954061
503,17372,NoCurbRamp,-459.4974240657796,451.5518517507365,-122.3239784241,47.6632213593
504,3335,NoCurbRamp,-619.9538798826892,439.66163882729995,-122.3261184692,47.6631145477
505,3341,NoCurbRamp,-551.0233891165468,442.634192058159,-122.3251991272,47.6631412506
506,3338,NoCurbRamp,-561.6060791308082,444.5451135691791,-122.325340271,47.6631584167
507,69838,NoCurbRamp,-459.2114052134938,120.96169565495521,-122.3239746094,47.6602516174
508,20076,NoCurbRamp,-553.5975587817924,129.45470488586832,-122.3252334595,47.6603279114
509,20047,NoCurbRamp,-461.213537175233,-19.809826588249283,-122.3240013123,47.6589870453
510,20001,NoCurbRamp,-415.4505509003462,-169.711328188394,-122.3233909607,47.6576404572
511,70456,NoCurbRamp,-464.16906031014497,-155.7686510225358,-122.3240407308,47.6577657064
512,70020,NoCurbRamp,-577.6231198277745,-481.1922246469662,-122.325553894,47.6548423767
513,19794,NoCurbRamp,-661.7126022340975,-509.6437833054783,-122.326675415,47.654586792
514,70009,NoCurbRamp,-499.25401445544884,-456.98715947215845,-122.324508667,47.6550598145
515,17107,NoCurbRamp,-495.2497505319704,-445.94625860419825,-122.3244552612,47.6551589966
516,17095,NoCurbRamp,-509.5506856174243,-414.0974962531628,-122.3246459961,47.6554450989
517,70594,NoCurbRamp,-758.9589443188619,-409.0017018469208,-122.3279724121,47.6554908752
518,23080,NoCurbRamp,-833.8958309702219,-396.8283923269513,-122.3289718628,47.6556002299
519,15359,NoCurbRamp,-664.0007530481226,-166.95110575483636,-122.3267059326,47.6576652527
520,70520,NoCurbRamp,-635.9709280786619,-166.52645529317206,-122.3263320923,47.6576690674
521,180949,NoCurbRamp,-746.5648065767009,-167.09265961917671,-122.3278071086,47.6576639811
522,15346,NoCurbRamp,-704.0433622890121,-156.75950581020476,-122.3272399902,47.6577568054
523,54513,NoCurbRamp,-717.2002219674534,-166.95110575483636,-122.3274154663,47.6576652527
524,7253,NoCurbRamp,-828.7474916397309,388.06664671381924,-122.3289031982,47.662651062
525,186072,NoCurbRamp,-786.7027504371022,377.87504676918763,-122.3283424377,47.6625595093
526,53864,NoCurbRamp,-784.1285882697975,392.73780179054467,-122.3283081055,47.6626930237
527,54124,NoCurbRamp,-913.9810494530665,390.6145494830141,-122.330039978,47.6626739502
528,53935,NoCurbRamp,-926.5658714280015,0.3610536366511445,-122.3302078247,47.6591682434
529,53924,NoCurbRamp,-921.9895772989579,117.98915355624382,-122.3301467896,47.6602249146
530,185437,NoCurbRamp,-830.7496236014701,-11.104497692973371,-122.3289299011,47.6590652466
531,70151,NoCurbRamp,-787.1794535210969,-14.360147521156454,-122.3283487956,47.6590360006
532,15273,NoCurbRamp,-789.2769201023477,0.7857040975244738,-122.32837677,47.6591720581
533,15261,NoCurbRamp,-778.9802489403721,124.35889934747865,-122.3282394409,47.660282135
534,15267,NoCurbRamp,-779.5522866428129,115.86590124871329,-122.3282470703,47.6602058411
535,54054,NoCurbRamp,-832.7517555632094,120.53704519329091,-122.328956604,47.6602478027
536,185433,NoCurbRamp,-840.188238208719,128.60540396253973,-122.3290557861,47.660320282
537,20063,NoCurbRamp,-539.2966236963383,-18.323555538893586,-122.3250427246,47.6590003967
538,69849,NoCurbRamp,-474.084370504513,-16.62495369302735,-122.3241729736,47.6590156555
539,6811,NoCurbRamp,-461.1181950588459,109.35459046099035,-122.3240000407,47.660147349
540,3356,NoCurbRamp,-541.0127368068571,110.55776491381306,-122.3250656128,47.6601581573
541,69941,NoCurbRamp,-467.2199255625097,438.1753677779442,-122.3240814209,47.6631011963
542,69928,NoCurbRamp,-539.8686613998447,441.1479210088034,-122.325050354,47.6631278992
543,54254,NoCurbRamp,-618.8098044767421,235.61724234447973,-122.3261032104,47.6612815857
544,54263,NoCurbRamp,-697.750955050515,236.46654326701733,-122.3271560669,47.6612892151
545,54272,NoCurbRamp,-708.9056827672172,376.3887645876842,-122.3273048401,47.6625461578
546,69813,NoCurbRamp,-696.6068796435026,453.03812280009214,-122.3271408081,47.6632347107
547,3329,NoCurbRamp,-631.3946264516771,451.5518517507365,-122.3262710571,47.6632213593
548,20124,NoCurbRamp,-627.9624077296461,439.0246687012728,-122.3262252808,47.6631088257
549,20021,NoCurbRamp,-496.20314920308414,-379.8423849980638,-122.3244679769,47.6557528178
550,20025,NoCurbRamp,-510.6947610233713,-371.207833034958,-122.3246612549,47.6558303833
551,70502,NoCurbRamp,-498.1099390484363,-409.85100277024947,-122.3244934082,47.6554832458
552,20010,NoCurbRamp,-418.02472056559174,-362.2901844745284,-122.323425293,47.6559104919
553,19793,NoCurbRamp,-668.0050169705355,-507.5205309979477,-122.3267593384,47.6546058655
554,54229,NoCurbRamp,-624.5301815096739,-165.04018424381636,-122.3261795044,47.6576824188
555,70524,NoCurbRamp,-594.7842434296944,-167.80040667816496,-122.3257827759,47.6576576233
556,54215,NoCurbRamp,-746.3741223439268,-169.07435806236688,-122.3278045654,47.6576461792
557,180947,NoCurbRamp,-757.2428312094087,-171.62226083156173,-122.3279495239,47.657623291
558,54514,NoCurbRamp,-704.9014188437388,-165.67715436984346,-122.3272514343,47.6576766968
559,15355,NoCurbRamp,-678.587706984797,-166.95110575483636,-122.3269004822,47.6576652527
560,70590,NoCurbRamp,-746.3741223439268,-396.8991692591215,-122.3278045654,47.6555995941
561,70581,NoCurbRamp,-684.5940953720736,-389.8924422105028,-122.3269805908,47.6556625366
562,70600,NoCurbRamp,-847.0526906486633,-395.412887078409,-122.3291473389,47.6556129456
563,59561,NoCurbRamp,-835.039906376169,-281.18200198269653,-122.3289871216,47.6566390991
564,17176,NoCurbRamp,-1015.2316554613092,-395.62521787491954,-122.3313903809,47.6556110382
565,70077,NoCurbRamp,-1014.659617757803,-280.33270105936793,-122.3313827515,47.6566467285
566,23044,NoCurbRamp,-934.0023540735111,-280.33270105936793,-122.3303070068,47.6566467285
567,15370,NoCurbRamp,-682.8779822615547,-392.86499544057097,-122.3269577026,47.6556358337
568,180936,NoCurbRamp,-748.5192674797139,-406.8784495393903,-122.3278331757,47.6555099487
569,70428,NoCurbRamp,-835.039906376169,-281.18200198269653,-122.3289871216,47.6566390991
570,70599,NoCurbRamp,-847.0526906486633,-406.8784495393903,-122.3291473389,47.6555099487
571,180898,NoCurbRamp,-499.06333771955,-368.37683366843925,-122.3245061239,47.6558558146
572,17094,NoCurbRamp,-500.3980898613958,-411.9742439456322,-122.3245239258,47.6554641724
573,69567,NoCurbRamp,-581.627383751253,-409.42635230858514,-122.3256072998,47.6554870605
574,69564,NoCurbRamp,-579.3392329382933,-383.5226852871202,-122.3255767822,47.6557197571
575,3118,NoCurbRamp,-584.4875722677189,-351.2492724752114,-122.3256454468,47.6560096741
576,59228,NoCurbRamp,-668.5770546740418,-509.21913284460487,-122.3267669678,47.6545906067
577,15314,NoCurbRamp,-934.5743917770175,-126.39701450852498,-122.3303146362,47.6580295563
578,54078,NoCurbRamp,-1010.6553538343246,-126.6093453050355,-122.3313293457,47.6580276489
579,70345,NoCurbRamp,-1011.6087525054385,-11.529148154637674,-122.3313420614,47.6590614319
580,53930,NoCurbRamp,-931.1421730549862,-9.830546308771439,-122.3302688599,47.6590766907
581,15321,NoCurbRamp,-922.5616075045231,-144.44465355725163,-122.3301544189,47.6578674316
582,15318,NoCurbRamp,-931.7142107584925,-141.89675078805678,-122.3302764893,47.6578903198
583,3355,NoCurbRamp,-539.2966236963383,122.02332737479435,-122.3250427246,47.6602611542
584,20087,NoCurbRamp,-470.50913860736836,124.2527339488279,-122.3241252899,47.6602811813
585,69851,NoCurbRamp,-471.7962271894944,-28.090505022651865,-122.3241424561,47.6589126587
586,69848,NoCurbRamp,-475.22844591152557,-19.597506923886492,-122.3241882324,47.6589889526
587,20070,NoCurbRamp,-555.8857095947519,-17.898905077229283,-122.3252639771,47.6590042114
588,7251,NoCurbRamp,-839.0441628017064,382.9708411754296,-122.3290405273,47.6626052856
589,15229,NoCurbRamp,-831.0356424537559,377.02574584585903,-122.3289337158,47.6625518799
590,15238,NoCurbRamp,-778.4082112368659,392.31315132888034,-122.3282318115,47.662689209
591,53869,NoCurbRamp,-778.4082112368659,376.6010953841947,-122.3282318115,47.6625480652
592,54127,NoCurbRamp,-919.7014264859982,377.4503963075233,-122.330116272,47.6625556946
593,54268,NoCurbRamp,-698.3229927540214,252.60324967336726,-122.3271636963,47.6614341736
594,20403,NoCurbRamp,-790.4209955082946,238.16514511367458,-122.3283920288,47.6613044739
595,20408,NoCurbRamp,-784.1285882697975,252.17859921170293,-122.3283081055,47.6614303589
596,54045,NoCurbRamp,-827.0313860282185,238.16514511367458,-122.3288803101,47.6613044739
597,54052,NoCurbRamp,-830.1775858979639,129.24237408856683,-122.3289222717,47.660326004
598,15263,NoCurbRamp,-787.2747881406085,132.8519085776008,-122.3283500671,47.660358429
599,15265,NoCurbRamp,-786.9887692883225,116.71520217125092,-122.3283462524,47.6602134705
600,53927,NoCurbRamp,-917.9853133765448,132.00260765506317,-122.3300933838,47.6603507996
601,70516,NoCurbRamp,-636.5429657811028,-156.75950581020476,-122.3263397217,47.6577568054
602,70523,NoCurbRamp,-593.6401680237473,-169.07435806236688,-122.3257675171,47.6576461792
603,69845,NoCurbRamp,-463.5970226077043,-29.50601027119416,-122.3240331014,47.658899943
604,20050,NoCurbRamp,-471.7962271894944,-30.638407791846706,-122.3241424561,47.6588897705
605,20038,NoCurbRamp,-473.3216560661735,-155.48555442521186,-122.3241628011,47.6577682495
606,70338,NoCurbRamp,-496.3938259389829,-159.3074085793996,-122.32447052,47.6577339172
607,15310,NoCurbRamp,-922.847626356809,-265.46994603801096,-122.3301582336,47.6567802429
608,15301,NoCurbRamp,-840.7602759122253,-278.4217684162002,-122.3290634155,47.6566638947
609,15291,NoCurbRamp,-841.9043513192378,-126.6093453050355,-122.3290786743,47.6580276489
610,15299,NoCurbRamp,-845.3365775381445,-136.37629478879379,-122.3291244507,47.6579399109
611,54070,NoCurbRamp,-921.1315207442311,-140.62279940385486,-122.3301353455,47.6579017639
612,54069,NoCurbRamp,-929.4260599444674,-132.55444063460604,-122.3302459717,47.6579742432
613,15322,NoCurbRamp,-921.417539596517,-126.18469484416218,-122.3301391602,47.6580314636
614,54501,NoCurbRamp,-756.480116771069,-170.20675558222848,-122.3279393514,47.6576360067
615,54218,NoCurbRamp,-781.2683997533317,-146.1432442717611,-122.3282699585,47.6578521729
616,15328,NoCurbRamp,-782.9845128627851,-127.88329669002842,-122.3282928467,47.6580162048
617,185441,NoCurbRamp,-832.5610788283761,2.9089564050550107,-122.3289540609,47.6591911316
618,70146,NoCurbRamp,-780.9823809010459,-26.39190317599466,-122.3282661438,47.6589279175
619,54120,NoCurbRamp,-1009.7972972795978,381.6969009225844,-122.3313179016,47.6625938416
620,15224,NoCurbRamp,-932.2862484619989,389.55292889532274,-122.3302841187,47.6626644135
621,7113,NoCurbRamp,-919.7014264859982,377.66271597188614,-122.330116272,47.6625576019
622,15225,NoCurbRamp,-839.9022193574986,390.40221868571257,-122.3290519714,47.6626720428
623,15237,NoCurbRamp,-777.2641358298532,389.1282784336584,-122.3282165527,47.6626605988
624,53868,NoCurbRamp,-776.6920981263471,379.1489981533896,-122.3282089233,47.6625709534
625,186069,NoCurbRamp,-777.5501546810736,251.96626841519242,-122.3282203674,47.6614284515
626,54041,NoCurbRamp,-847.6247283521697,256.425103826764,-122.3291549683,47.6614685059
627,70341,NoCurbRamp,-1009.3206016924787,0.6441502331841161,-122.3313115438,47.6591707865
628,53933,NoCurbRamp,-934.0023540735111,-0.06359682501315735,-122.3303070068,47.6591644287
629,53902,NoCurbRamp,-1008.367203021365,133.2765590392651,-122.3312988281,47.6603622437
630,53904,NoCurbRamp,-1008.9392407248712,118.2014732206066,-122.3313064575,47.6602268219
631,53925,NoCurbRamp,-931.7142107584925,129.45470488586832,-122.3302764893,47.6603279114
632,17377,NoCurbRamp,-459.4974240657796,438.387687443098,-122.3239784241,47.6631031036
633,17383,NoCurbRamp,-382.2723866014601,437.9630369814337,-122.3229484558,47.6630992889
634,20092,NoCurbRamp,-459.2114052134938,112.04404709452554,-122.3239746094,47.6601715088
635,69947,NoCurbRamp,-457.78131095526084,236.25421247050681,-122.3239555359,47.6612873077
636,54053,NoCurbRamp,-830.1775858979639,119.68774426996231,-122.3289222717,47.6602401733
637,186046,NoCurbRamp,-788.7048823988414,117.77682275973326,-122.3283691406,47.6602230072
638,15262,NoCurbRamp,-788.132844695335,129.03005442420402,-122.3283615112,47.6603240967
639,53928,NoCurbRamp,-917.9853133765448,129.03005442420402,-122.3300933838,47.6603240967
640,15217,NoCurbRamp,-915.125124860079,389.1282784336584,-122.3300552368,47.6626605988
641,7252,NoCurbRamp,-830.1775858979639,382.9708411754296,-122.3289222717,47.6626052856
642,53865,NoCurbRamp,-786.4167315848163,388.91594763635686,-122.328338623,47.6626586914
643,15234,NoCurbRamp,-782.9845128627851,378.7243476917253,-122.3282928467,47.6625671387
644,69939,NoCurbRamp,-470.36613293126146,449.2162686459044,-122.3241233826,47.6632003784
645,69929,NoCurbRamp,-535.2923597728599,449.2162686459044,-122.3249893188,47.6632003784
646,20085,NoCurbRamp,-540.7267179545712,123.93424888581436,-122.3250617981,47.6602783203
647,69837,NoCurbRamp,-460.9275183240126,122.23564703915714,-122.3239974976,47.6602630615
648,19988,NoCurbRamp,-372.2617342907049,249.63069644250808,-122.3228149414,47.6614074707
649,19992,NoCurbRamp,-364.8252516451953,232.6446891136206,-122.3227157593,47.6612548828
650,19978,NoCurbRamp,-457.4952921040405,250.0553469041724,-122.3239517212,47.6614112854
651,15295,NoCurbRamp,-831.0356424537559,-141.47210032718345,-122.3289337158,47.6578941345
652,15293,NoCurbRamp,-830.4636047502498,-130.00654899755895,-122.3289260864,47.6579971313
653,54217,NoCurbRamp,-788.3235289281093,-125.47693665302619,-122.3283640544,47.6580378215
654,54219,NoCurbRamp,-782.4124751603443,-149.11579750262024,-122.3282852173,47.65782547
655,15290,NoCurbRamp,-833.3237932667156,-12.661545674499248,-122.3289642334,47.6590512594
656,70150,NoCurbRamp,-778.6942300880863,-16.412622896516815,-122.3282356262,47.6590175629
657,185445,NoCurbRamp,-789.6582810699553,-12.095352480642333,-122.3283818563,47.6590563456
658,15315,NoCurbRamp,-935.71846718403,-140.8351190690086,-122.330329895,47.6578998566
659,186224,NoCurbRamp,-1009.5112784273119,-128.3079471516927,-122.3313140869,47.6580123901
660,53944,NoCurbRamp,-1009.1299249576456,-8.69814878811889,-122.3313090007,47.6590868632
661,53931,NoCurbRamp,-933.4303163700049,-7.707294000449929,-122.3302993774,47.6590957642
662,23057,NoCurbRamp,-921.7035584477375,-394.9882366167447,-122.3301429749,47.6556167603
663,23078,NoCurbRamp,-847.6247283521697,-395.412887078409,-122.3291549683,47.6556129456
664,15307,NoCurbRamp,-924.8497583185482,-282.0313029052342,-122.3301849365,47.6566314697
665,70427,NoCurbRamp,-838.4721250992657,-277.36014782850884,-122.3290328979,47.6566734314
666,70109,NoCurbRamp,-496.96586364142365,-369.93388164996514,-122.3244781494,47.6558418274
667,70501,NoCurbRamp,-497.53790134493,-400.933343077672,-122.3244857788,47.6555633545
668,70004,NoCurbRamp,-418.59675826909796,-363.139485397857,-122.3234329224,47.6559028625
669,70505,NoCurbRamp,-430.60953504365136,-418.7686513306792,-122.3235931396,47.6554031372
670,17116,NoCurbRamp,-353.3845050772727,-513.0409869980017,-122.3225631714,47.6545562744
671,70589,NoCurbRamp,-747.8995587185468,-395.27134434542546,-122.3278249105,47.6556142171
672,54207,NoCurbRamp,-758.3869066153557,-395.83753754007336,-122.3279647827,47.6556091309
673,59248,NoCurbRamp,-681.1618766500424,-407.72775046271886,-122.3269348145,47.6555023193
674,19816,NoCurbRamp,-681.7339068545422,-525.5681700474653,-122.3269424438,47.6544437408
675,17376,NoCurbRamp,-469.50807637546933,441.36024067395715,-122.3241119385,47.6631298065
676,69927,NoCurbRamp,-537.0084728833787,443.2711733163339,-122.325012207,47.6631469727
677,20130,NoCurbRamp,-618.2377742711767,455.7275683014796,-122.3260955811,47.6632588704
678,20125,NoCurbRamp,-632.2526830064038,442.2095415964948,-122.3262825012,47.6631374359
679,3328,NoCurbRamp,-639.403154298634,444.1204742396624,-122.3263778687,47.6631546021
680,3323,NoCurbRamp,-711.4798524324626,398.5413543871316,-122.3273391724,47.6627451579
681,69809,NoCurbRamp,-698.895030456462,431.8056108553526,-122.3271713257,47.6630439758
